male,age,alcohol,dm,lc,plt,alb,pred
0,56,0,0,0,163,4.7,0.1218243
0,68,0,1,0,233,5,0.14899816
1,59,0,1,0,149,4.8,0.16327925
1,46,0,0,0,218,4,0.18573178
0,53,0,0,0,127,3.9,0.19543926
1,63,0,1,0,211,4.2,0.21862133
1,76,0,0,0,171,4,0.22690634
1,78,0,1,0,168,4.2,0.24638781
1,57,1,1,0,141,4.1,0.3029798
1,85,1,1,1,222,3.2,0.4228036
